<ImportExportXml version="9.2.25031.228" SolutionPackageVersion="9.2" languagecode="1033" generatedBy="CrmLive" xmlns:xsi="http://www.w3.org/2001/XMLSchema-instance" OrganizationVersion="9.2.25031.228" OrganizationSchemaType="Standard" CRMServerServiceabilityVersion="9.2.25033.00232">
  <SolutionManifest>
    <UniqueName>DhinaTestSolution</UniqueName>
    <LocalizedNames>
      <LocalizedName description="Dhina Test Solution" languagecode="1033" />
    </LocalizedNames>
    <Descriptions />
    <Version>1.0.0.11</Version>
    <Managed>1</Managed>
    <Publisher>
      <UniqueName>Cr4ca1c</UniqueName>
      <LocalizedNames>
        <LocalizedName description="CDS Default Publisher" languagecode="1033" />
      </LocalizedNames>
      <Descriptions />
      <EMailAddress xsi:nil="true"></EMailAddress>
      <SupportingWebsiteUrl xsi:nil="true"></SupportingWebsiteUrl>
      <CustomizationPrefix>cr399</CustomizationPrefix>
      <CustomizationOptionValuePrefix>99227</CustomizationOptionValuePrefix>
      <Addresses>
        <Address>
          <AddressNumber>1</AddressNumber>
          <AddressTypeCode xsi:nil="true"></AddressTypeCode>
          <City xsi:nil="true"></City>
          <County xsi:nil="true"></County>
          <Country xsi:nil="true"></Country>
          <Fax xsi:nil="true"></Fax>
          <FreightTermsCode xsi:nil="true"></FreightTermsCode>
          <ImportSequenceNumber xsi:nil="true"></ImportSequenceNumber>
          <Latitude xsi:nil="true"></Latitude>
          <Line1 xsi:nil="true"></Line1>
          <Line2 xsi:nil="true"></Line2>
          <Line3 xsi:nil="true"></Line3>
          <Longitude xsi:nil="true"></Longitude>
          <Name xsi:nil="true"></Name>
          <PostalCode xsi:nil="true"></PostalCode>
          <PostOfficeBox xsi:nil="true"></PostOfficeBox>
          <PrimaryContactName xsi:nil="true"></PrimaryContactName>
          <ShippingMethodCode xsi:nil="true"></ShippingMethodCode>
          <StateOrProvince xsi:nil="true"></StateOrProvince>
          <Telephone1 xsi:nil="true"></Telephone1>
          <Telephone2 xsi:nil="true"></Telephone2>
          <Telephone3 xsi:nil="true"></Telephone3>
          <TimeZoneRuleVersionNumber xsi:nil="true"></TimeZoneRuleVersionNumber>
          <UPSZone xsi:nil="true"></UPSZone>
          <UTCOffset xsi:nil="true"></UTCOffset>
          <UTCConversionTimeZoneCode xsi:nil="true"></UTCConversionTimeZoneCode>
        </Address>
        <Address>
          <AddressNumber>2</AddressNumber>
          <AddressTypeCode xsi:nil="true"></AddressTypeCode>
          <City xsi:nil="true"></City>
          <County xsi:nil="true"></County>
          <Country xsi:nil="true"></Country>
          <Fax xsi:nil="true"></Fax>
          <FreightTermsCode xsi:nil="true"></FreightTermsCode>
          <ImportSequenceNumber xsi:nil="true"></ImportSequenceNumber>
          <Latitude xsi:nil="true"></Latitude>
          <Line1 xsi:nil="true"></Line1>
          <Line2 xsi:nil="true"></Line2>
          <Line3 xsi:nil="true"></Line3>
          <Longitude xsi:nil="true"></Longitude>
          <Name xsi:nil="true"></Name>
          <PostalCode xsi:nil="true"></PostalCode>
          <PostOfficeBox xsi:nil="true"></PostOfficeBox>
          <PrimaryContactName xsi:nil="true"></PrimaryContactName>
          <ShippingMethodCode xsi:nil="true"></ShippingMethodCode>
          <StateOrProvince xsi:nil="true"></StateOrProvince>
          <Telephone1 xsi:nil="true"></Telephone1>
          <Telephone2 xsi:nil="true"></Telephone2>
          <Telephone3 xsi:nil="true"></Telephone3>
          <TimeZoneRuleVersionNumber xsi:nil="true"></TimeZoneRuleVersionNumber>
          <UPSZone xsi:nil="true"></UPSZone>
          <UTCOffset xsi:nil="true"></UTCOffset>
          <UTCConversionTimeZoneCode xsi:nil="true"></UTCConversionTimeZoneCode>
        </Address>
      </Addresses>
    </Publisher>
    <RootComponents>
      <RootComponent type="1" schemaName="account" behavior="1" />
      <RootComponent type="1" schemaName="cr399_sampletbl" behavior="0" />
      <RootComponent type="1" schemaName="cr399_userinputtbl" behavior="0" />
      <RootComponent type="20" id="{a90e2a46-53cf-ef11-b8e8-000d3a5caa5e}" behavior="0" />
      <RootComponent type="29" id="{134e56b1-b0cd-ef11-b8e8-0022480bfaa6}" behavior="0" />
      <RootComponent type="29" id="{5b1f86e1-bdcd-ef11-b8e8-0022480bfaa6}" behavior="0" />
      <RootComponent type="29" id="{fce29034-b1cd-ef11-b8e8-0022480bfaa6}" behavior="0" />
      <RootComponent type="61" schemaName="amp_/flows/cr399_sampletbl/5d5d7b37-696c-4512-bccc-0753b801e260.js" behavior="0" />
      <RootComponent type="61" schemaName="cr399_tracker" behavior="0" />
      <RootComponent type="61" schemaName="dhina_appOverview" behavior="0" />
      <RootComponent type="61" schemaName="dhina_deploymentCheckList" behavior="0" />
      <RootComponent type="61" schemaName="dhina_environmentVariableExtraction" behavior="0" />
      <RootComponent type="61" schemaName="dhina_PowerAppsAnalyser" behavior="0" />
      <RootComponent type="62" schemaName="cr399_DhinaMDA" behavior="0" />
      <RootComponent type="66" schemaName="tkmx_TKMX.MultiSelectLookupControl" behavior="0" />
      <RootComponent type="80" schemaName="cr399_DhinaMDA" behavior="0" />
      <RootComponent type="300" schemaName="cr399_ddpriya_8c5a0" behavior="0" />
      <RootComponent type="300" schemaName="cr399_demo_063b9" behavior="0" />
      <RootComponent type="300" schemaName="cr399_dhinamdadefaultcommandlibrary_e1ad7" behavior="0" />
      <RootComponent type="300" schemaName="cr399_dhiyaapp_3fd91" behavior="0" />
      <RootComponent type="300" schemaName="cr399_powerappsanalyser_de301" behavior="0" />
      <RootComponent type="300" schemaName="cr399_resuablecomponents_90bdf" behavior="0" />
    </RootComponents>
    <MissingDependencies>
      <MissingDependency>
        <Required type="61" schemaName="msdyn_/Images/AppModule_Default_Icon.png" displayName="msdyn_/Images/AppModule_Default_Icon.png" solution="AppModuleWebResources (2.5)">
          <package appName="AppModule Web Resources Package" version="2.5">AppModuleWebResources (2.5)</package>
        </Required>
        <Dependent type="80" schemaName="cr399_DhinaMDA" displayName="Dhina MDA" />
      </MissingDependency>
      <MissingDependency>
        <Required type="61" schemaName="msdyn_/PowerAppsChecker/Localization/ResourceStringProvider.js" displayName="msdyn_/PowerAppsChecker/Localization/ResourceStringProvider.js" solution="msdyn_PowerAppsChecker (2.0.0.11)">
          <package appName="PowerAppsChecker" version="2.0.0.11">msdyn_PowerAppsCheckerAnchor (2.0.0.11)</package>
        </Required>
        <Dependent type="60" displayName="Information" parentDisplayName="SampleTbl" id="{5d5d7b37-696c-4512-bccc-0753b801e260}" />
      </MissingDependency>
      <MissingDependency>
        <Required type="SettingDefinition" displayName="AppChannel" solution="msdyn_AppFrameworkInfraExtensions (1.0.0.12)" id.uniquename="AppChannel">
          <package appName="PowerAppsAppFramework Package" version="1.0.0.17">PowerAppsAppFramework_Anchor (1.0.0.17)</package>
        </Required>
        <Dependent type="AppSetting" displayName="parentappmoduleid.uniquename=cr399_DhinaMDA,settingdefinitionid.uniquename=AppChannel" id.parentappmoduleid.uniquename="cr399_DhinaMDA" id.settingdefinitionid.uniquename="AppChannel" />
      </MissingDependency>
    </MissingDependencies>
  </SolutionManifest>
</ImportExportXml>