{
  "properties": {
    "connectionReferences": {
      "shared_msnweather": {
        "runtimeSource": "invoker",
        "connection": {
          "connectionReferenceLogicalName": "cr399_sharedmsnweather_ec160"
        },
        "api": {
          "name": "shared_msnweather"
        }
      }
    },
    "definition": {
      "$schema": "https://schema.management.azure.com/providers/Microsoft.Logic/schemas/2016-06-01/workflowdefinition.json#",
      "contentVersion": "1.0.0.0",
      "parameters": {
        "$connections": {
          "defaultValue": {},
          "type": "Object"
        },
        "$authentication": {
          "defaultValue": {},
          "type": "SecureObject"
        }
      },
      "triggers": {
        "manual": {
          "metadata": {
            "operationMetadataId": "02ae258a-5c73-450c-8387-9433f107f47f"
          },
          "type": "Request",
          "kind": "Button",
          "inputs": {
            "schema": {
              "type": "object",
              "properties": {},
              "required": []
            }
          }
        }
      },
      "actions": {
        "Get_forecast_for_today": {
          "runAfter": {},
          "metadata": {
            "operationMetadataId": "3cd10cf6-b202-4107-aff4-bbc6836374bf"
          },
          "type": "OpenApiConnection",
          "inputs": {
            "host": {
              "connectionName": "shared_msnweather",
              "operationId": "TodaysForecast",
              "apiId": "/providers/Microsoft.PowerApps/apis/shared_msnweather"
            },
            "parameters": {
              "Location": "Chennai",
              "units": "I"
            },
            "authentication": {
              "type": "Raw",
              "value": "@json(decodeBase64(triggerOutputs().headers['X-MS-APIM-Tokens']))['$ConnectionKey']"
            }
          }
        }
      }
    },
    "templateName": null
  },
  "schemaVersion": "1.0.0.0"
}