<manifest><control namespace="TKMX" constructor="MultiSelectLookupControl" version="2.0.1" display-name-key="MultiSelectLookupControl" description-key="MultiSelectLookupControl description" control-type="standard" api-version="1.3.5"><external-service-usage enabled="false" /><data-set name="records" display-name-key="Records_Dataset_Display_Key" /><property name="controlImageURl" display-name-key="controlImageURl_Key" description-key="controlImageURl_Desc" of-type="SingleLine.Text" usage="input" required="true" /><resources><code path="bundle.js" order="1" /><css path="MultiSelectLookup.module.css" order="1" /><img path="Assests/svg_2.svg" /></resources><feature-usage><uses-feature name="Device.captureAudio" required="true" /><uses-feature name="Device.captureImage" required="true" /><uses-feature name="Device.captureVideo" required="true" /><uses-feature name="Device.getBarcodeValue" required="true" /><uses-feature name="Device.getCurrentPosition" required="true" /><uses-feature name="Device.pickFile" required="true" /><uses-feature name="Utility" required="true" /><uses-feature name="WebAPI" required="true" /></feature-usage><built-by name="pac" version="1.27.5" /></control></manifest>